State,Industry,Series.ID,Month,Turnover
ACT,"Cafes, restaurants and takeaway food services",A3349606J,2023 Jan,97.2
ACT,"Cafes, restaurants and takeaway food services",A3349606J,2023 Feb,99.9
ACT,"Cafes, restaurants and takeaway food services",A3349606J,2023 Mar,108.6
ACT,"Cafes, restaurants and takeaway food services",A3349606J,2023 Apr,100.1
ACT,"Cafes, restaurants and takeaway food services",A3349606J,2023 May,110
ACT,"Cafes, restaurants and takeaway food services",A3349606J,2023 Jun,108.5
ACT,"Cafes, restaurants and takeaway food services",A3349606J,2023 Jul,113.8
ACT,"Cafes, restaurants and takeaway food services",A3349606J,2023 Aug,119.8
ACT,"Cafes, restaurants and takeaway food services",A3349606J,2023 Sep,113.5
ACT,"Cafes, restaurants and takeaway food services",A3349606J,2023 Oct,107.5
ACT,"Cafes, restaurants and takeaway food services",A3349606J,2023 Nov,111.1
ACT,"Cafes, restaurants and takeaway food services",A3349606J,2023 Dec,116.7
ACT,"Cafes, restaurants and takeaway food services",A3349606J,2024 Jan,99.8
ACT,"Cafes, restaurants and takeaway food services",A3349606J,2024 Feb,103.1
ACT,"Clothing, footwear and personal accessory retailing",A3349608L,2023 Jan,41
ACT,"Clothing, footwear and personal accessory retailing",A3349608L,2023 Feb,34.2
ACT,"Clothing, footwear and personal accessory retailing",A3349608L,2023 Mar,40
ACT,"Clothing, footwear and personal accessory retailing",A3349608L,2023 Apr,44.5
ACT,"Clothing, footwear and personal accessory retailing",A3349608L,2023 May,45.2
ACT,"Clothing, footwear and personal accessory retailing",A3349608L,2023 Jun,42
ACT,"Clothing, footwear and personal accessory retailing",A3349608L,2023 Jul,39.9
ACT,"Clothing, footwear and personal accessory retailing",A3349608L,2023 Aug,39.2
ACT,"Clothing, footwear and personal accessory retailing",A3349608L,2023 Sep,42.6
ACT,"Clothing, footwear and personal accessory retailing",A3349608L,2023 Oct,43.5
ACT,"Clothing, footwear and personal accessory retailing",A3349608L,2023 Nov,54.7
ACT,"Clothing, footwear and personal accessory retailing",A3349608L,2023 Dec,68.8
ACT,"Clothing, footwear and personal accessory retailing",A3349608L,2024 Jan,41.6
ACT,"Clothing, footwear and personal accessory retailing",A3349608L,2024 Feb,36.6
ACT,Department stores,A3349609R,2023 Jan,33.7
ACT,Department stores,A3349609R,2023 Feb,25.7
ACT,Department stores,A3349609R,2023 Mar,33.2
ACT,Department stores,A3349609R,2023 Apr,36.9
ACT,Department stores,A3349609R,2023 May,35.5
ACT,Department stores,A3349609R,2023 Jun,33.7
ACT,Department stores,A3349609R,2023 Jul,33.3
ACT,Department stores,A3349609R,2023 Aug,30.7
ACT,Department stores,A3349609R,2023 Sep,34.2
ACT,Department stores,A3349609R,2023 Oct,35.1
ACT,Department stores,A3349609R,2023 Nov,45.2
ACT,Department stores,A3349609R,2023 Dec,62.7
ACT,Department stores,A3349609R,2024 Jan,32
ACT,Department stores,A3349609R,2024 Feb,26.8
ACT,Food retailing,A3349688X,2023 Jan,254.8
ACT,Food retailing,A3349688X,2023 Feb,243.9
ACT,Food retailing,A3349688X,2023 Mar,267.9
ACT,Food retailing,A3349688X,2023 Apr,265.7
ACT,Food retailing,A3349688X,2023 May,265.1
ACT,Food retailing,A3349688X,2023 Jun,254.5
ACT,Food retailing,A3349688X,2023 Jul,264.2
ACT,Food retailing,A3349688X,2023 Aug,264.3
ACT,Food retailing,A3349688X,2023 Sep,264.6
ACT,Food retailing,A3349688X,2023 Oct,274.2
ACT,Food retailing,A3349688X,2023 Nov,275.2
ACT,Food retailing,A3349688X,2023 Dec,305.4
ACT,Food retailing,A3349688X,2024 Jan,262.2
ACT,Food retailing,A3349688X,2024 Feb,259.3
ACT,Household goods retailing,A3349457R,2023 Jan,127.9
ACT,Household goods retailing,A3349457R,2023 Feb,119.4
ACT,Household goods retailing,A3349457R,2023 Mar,124.4
ACT,Household goods retailing,A3349457R,2023 Apr,114.5
ACT,Household goods retailing,A3349457R,2023 May,120.7
ACT,Household goods retailing,A3349457R,2023 Jun,123.5
ACT,Household goods retailing,A3349457R,2023 Jul,117.6
ACT,Household goods retailing,A3349457R,2023 Aug,116.6
ACT,Household goods retailing,A3349457R,2023 Sep,126.6
ACT,Household goods retailing,A3349457R,2023 Oct,129.9
ACT,Household goods retailing,A3349457R,2023 Nov,145.8
ACT,Household goods retailing,A3349457R,2023 Dec,153.6
ACT,Household goods retailing,A3349457R,2024 Jan,122.1
ACT,Household goods retailing,A3349457R,2024 Feb,114.2
ACT,Other retailing,A3349607K,2023 Jan,79
ACT,Other retailing,A3349607K,2023 Feb,76.2
ACT,Other retailing,A3349607K,2023 Mar,82.9
ACT,Other retailing,A3349607K,2023 Apr,75.6
ACT,Other retailing,A3349607K,2023 May,83.7
ACT,Other retailing,A3349607K,2023 Jun,78.3
ACT,Other retailing,A3349607K,2023 Jul,80.8
ACT,Other retailing,A3349607K,2023 Aug,81.1
ACT,Other retailing,A3349607K,2023 Sep,82.7
ACT,Other retailing,A3349607K,2023 Oct,85.2
ACT,Other retailing,A3349607K,2023 Nov,99.2
ACT,Other retailing,A3349607K,2023 Dec,110.4
ACT,Other retailing,A3349607K,2024 Jan,84.7
ACT,Other retailing,A3349607K,2024 Feb,83.2
NSW,"Cafes, restaurants and takeaway food services",A3349789K,2023 Jan,1662.5
NSW,"Cafes, restaurants and takeaway food services",A3349789K,2023 Feb,1515.6
NSW,"Cafes, restaurants and takeaway food services",A3349789K,2023 Mar,1687.4
NSW,"Cafes, restaurants and takeaway food services",A3349789K,2023 Apr,1553.8
NSW,"Cafes, restaurants and takeaway food services",A3349789K,2023 May,1684.8
NSW,"Cafes, restaurants and takeaway food services",A3349789K,2023 Jun,1607.3
NSW,"Cafes, restaurants and takeaway food services",A3349789K,2023 Jul,1630.5
NSW,"Cafes, restaurants and takeaway food services",A3349789K,2023 Aug,1672.6
NSW,"Cafes, restaurants and takeaway food services",A3349789K,2023 Sep,1676.9
NSW,"Cafes, restaurants and takeaway food services",A3349789K,2023 Oct,1718
NSW,"Cafes, restaurants and takeaway food services",A3349789K,2023 Nov,1694.9
NSW,"Cafes, restaurants and takeaway food services",A3349789K,2023 Dec,1757.2
NSW,"Cafes, restaurants and takeaway food services",A3349789K,2024 Jan,1571.6
NSW,"Cafes, restaurants and takeaway food services",A3349789K,2024 Feb,1555.2
NSW,"Clothing, footwear and personal accessory retailing",A3349871W,2023 Jan,1059.5
NSW,"Clothing, footwear and personal accessory retailing",A3349871W,2023 Feb,896.4
NSW,"Clothing, footwear and personal accessory retailing",A3349871W,2023 Mar,1047.2
NSW,"Clothing, footwear and personal accessory retailing",A3349871W,2023 Apr,1092.8
NSW,"Clothing, footwear and personal accessory retailing",A3349871W,2023 May,1173.2
NSW,"Clothing, footwear and personal accessory retailing",A3349871W,2023 Jun,1105.5
NSW,"Clothing, footwear and personal accessory retailing",A3349871W,2023 Jul,1035.3
NSW,"Clothing, footwear and personal accessory retailing",A3349871W,2023 Aug,1055.6
NSW,"Clothing, footwear and personal accessory retailing",A3349871W,2023 Sep,1097.5
NSW,"Clothing, footwear and personal accessory retailing",A3349871W,2023 Oct,1104.9
NSW,"Clothing, footwear and personal accessory retailing",A3349871W,2023 Nov,1307.9
NSW,"Clothing, footwear and personal accessory retailing",A3349871W,2023 Dec,1647.5
NSW,"Clothing, footwear and personal accessory retailing",A3349871W,2024 Jan,1035
NSW,"Clothing, footwear and personal accessory retailing",A3349871W,2024 Feb,969.8
NSW,Department stores,A3349790V,2023 Jan,532.2
NSW,Department stores,A3349790V,2023 Feb,418.6
NSW,Department stores,A3349790V,2023 Mar,515.1
NSW,Department stores,A3349790V,2023 Apr,573.1
NSW,Department stores,A3349790V,2023 May,582.2
NSW,Department stores,A3349790V,2023 Jun,552.9
NSW,Department stores,A3349790V,2023 Jul,522.3
NSW,Department stores,A3349790V,2023 Aug,498
NSW,Department stores,A3349790V,2023 Sep,561.5
NSW,Department stores,A3349790V,2023 Oct,563.9
NSW,Department stores,A3349790V,2023 Nov,734.1
NSW,Department stores,A3349790V,2023 Dec,1000.3
NSW,Department stores,A3349790V,2024 Jan,516.2
NSW,Department stores,A3349790V,2024 Feb,434.1
NSW,Food retailing,A3349398A,2023 Jan,4216.5
NSW,Food retailing,A3349398A,2023 Feb,3905.8
NSW,Food retailing,A3349398A,2023 Mar,4335.3
NSW,Food retailing,A3349398A,2023 Apr,4190.9
NSW,Food retailing,A3349398A,2023 May,4164.2
NSW,Food retailing,A3349398A,2023 Jun,4043.7
NSW,Food retailing,A3349398A,2023 Jul,4156.6
NSW,Food retailing,A3349398A,2023 Aug,4226.5
NSW,Food retailing,A3349398A,2023 Sep,4236.9
NSW,Food retailing,A3349398A,2023 Oct,4355.2
NSW,Food retailing,A3349398A,2023 Nov,4358.9
NSW,Food retailing,A3349398A,2023 Dec,5106.5
NSW,Food retailing,A3349398A,2024 Jan,4313.6
NSW,Food retailing,A3349398A,2024 Feb,4116.9
NSW,Household goods retailing,A3349397X,2023 Jan,1787.7
NSW,Household goods retailing,A3349397X,2023 Feb,1626.6
NSW,Household goods retailing,A3349397X,2023 Mar,1754.4
NSW,Household goods retailing,A3349397X,2023 Apr,1601.6
NSW,Household goods retailing,A3349397X,2023 May,1733.2
NSW,Household goods retailing,A3349397X,2023 Jun,1802.6
NSW,Household goods retailing,A3349397X,2023 Jul,1675.2
NSW,Household goods retailing,A3349397X,2023 Aug,1702.8
NSW,Household goods retailing,A3349397X,2023 Sep,1784.7
NSW,Household goods retailing,A3349397X,2023 Oct,1844.9
NSW,Household goods retailing,A3349397X,2023 Nov,2132.6
NSW,Household goods retailing,A3349397X,2023 Dec,2206.5
NSW,Household goods retailing,A3349397X,2024 Jan,1731.6
NSW,Household goods retailing,A3349397X,2024 Feb,1609.8
NSW,Other retailing,A3349872X,2023 Jan,1571.8
NSW,Other retailing,A3349872X,2023 Feb,1459.7
NSW,Other retailing,A3349872X,2023 Mar,1605.2
NSW,Other retailing,A3349872X,2023 Apr,1505.8
NSW,Other retailing,A3349872X,2023 May,1658.7
NSW,Other retailing,A3349872X,2023 Jun,1565.4
NSW,Other retailing,A3349872X,2023 Jul,1575.5
NSW,Other retailing,A3349872X,2023 Aug,1602.4
NSW,Other retailing,A3349872X,2023 Sep,1640.3
NSW,Other retailing,A3349872X,2023 Oct,1683.2
NSW,Other retailing,A3349872X,2023 Nov,1926.6
NSW,Other retailing,A3349872X,2023 Dec,2066.4
NSW,Other retailing,A3349872X,2024 Jan,1619.7
NSW,Other retailing,A3349872X,2024 Feb,1564
NT,"Cafes, restaurants and takeaway food services",A3349379V,2023 Jan,39.1
NT,"Cafes, restaurants and takeaway food services",A3349379V,2023 Feb,39.3
NT,"Cafes, restaurants and takeaway food services",A3349379V,2023 Mar,45.9
NT,"Cafes, restaurants and takeaway food services",A3349379V,2023 Apr,45.8
NT,"Cafes, restaurants and takeaway food services",A3349379V,2023 May,48.6
NT,"Cafes, restaurants and takeaway food services",A3349379V,2023 Jun,54.1
NT,"Cafes, restaurants and takeaway food services",A3349379V,2023 Jul,57.9
NT,"Cafes, restaurants and takeaway food services",A3349379V,2023 Aug,58.3
NT,"Cafes, restaurants and takeaway food services",A3349379V,2023 Sep,55.9
NT,"Cafes, restaurants and takeaway food services",A3349379V,2023 Oct,50.6
NT,"Cafes, restaurants and takeaway food services",A3349379V,2023 Nov,49.6
NT,"Cafes, restaurants and takeaway food services",A3349379V,2023 Dec,46
NT,"Cafes, restaurants and takeaway food services",A3349379V,2024 Jan,41.4
NT,"Cafes, restaurants and takeaway food services",A3349379V,2024 Feb,41.7
NT,Food retailing,A3349527K,2023 Jan,133.3
NT,Food retailing,A3349527K,2023 Feb,127.1
NT,Food retailing,A3349527K,2023 Mar,143.1
NT,Food retailing,A3349527K,2023 Apr,144.8
NT,Food retailing,A3349527K,2023 May,153.3
NT,Food retailing,A3349527K,2023 Jun,155.8
NT,Food retailing,A3349527K,2023 Jul,167.7
NT,Food retailing,A3349527K,2023 Aug,161.3
NT,Food retailing,A3349527K,2023 Sep,155.7
NT,Food retailing,A3349527K,2023 Oct,154.4
NT,Food retailing,A3349527K,2023 Nov,147.9
NT,Food retailing,A3349527K,2023 Dec,158.9
NT,Food retailing,A3349527K,2024 Jan,140.9
NT,Food retailing,A3349527K,2024 Feb,138.6
NT,Household goods retailing,A3349600V,2023 Jan,45
NT,Household goods retailing,A3349600V,2023 Feb,41.8
NT,Household goods retailing,A3349600V,2023 Mar,46.9
NT,Household goods retailing,A3349600V,2023 Apr,44.5
NT,Household goods retailing,A3349600V,2023 May,49.3
NT,Household goods retailing,A3349600V,2023 Jun,52.9
NT,Household goods retailing,A3349600V,2023 Jul,49.3
NT,Household goods retailing,A3349600V,2023 Aug,48.7
NT,Household goods retailing,A3349600V,2023 Sep,47.7
NT,Household goods retailing,A3349600V,2023 Oct,48.2
NT,Household goods retailing,A3349600V,2023 Nov,54.1
NT,Household goods retailing,A3349600V,2023 Dec,53.8
NT,Household goods retailing,A3349600V,2024 Jan,44
NT,Household goods retailing,A3349600V,2024 Feb,42.8
NT,Other retailing,A3349599W,2023 Jan,34.4
NT,Other retailing,A3349599W,2023 Feb,32.2
NT,Other retailing,A3349599W,2023 Mar,37.8
NT,Other retailing,A3349599W,2023 Apr,37.5
NT,Other retailing,A3349599W,2023 May,41.4
NT,Other retailing,A3349599W,2023 Jun,43.1
NT,Other retailing,A3349599W,2023 Jul,44.9
NT,Other retailing,A3349599W,2023 Aug,44.1
NT,Other retailing,A3349599W,2023 Sep,43.9
NT,Other retailing,A3349599W,2023 Oct,43.4
NT,Other retailing,A3349599W,2023 Nov,47.3
NT,Other retailing,A3349599W,2023 Dec,49.4
NT,Other retailing,A3349599W,2024 Jan,35.6
NT,Other retailing,A3349599W,2024 Feb,36.1
Q,"Cafes, restaurants and takeaway food services",A3349411J,2023 Jan,1022.5
Q,"Cafes, restaurants and takeaway food services",A3349411J,2023 Feb,889.5
Q,"Cafes, restaurants and takeaway food services",A3349411J,2023 Mar,1042.9
Q,"Cafes, restaurants and takeaway food services",A3349411J,2023 Apr,1062.9
Q,"Cafes, restaurants and takeaway food services",A3349411J,2023 May,1063.5
Q,"Cafes, restaurants and takeaway food services",A3349411J,2023 Jun,1020.6
Q,"Cafes, restaurants and takeaway food services",A3349411J,2023 Jul,1161.3
Q,"Cafes, restaurants and takeaway food services",A3349411J,2023 Aug,1162.7
Q,"Cafes, restaurants and takeaway food services",A3349411J,2023 Sep,1168.6
Q,"Cafes, restaurants and takeaway food services",A3349411J,2023 Oct,1163.5
Q,"Cafes, restaurants and takeaway food services",A3349411J,2023 Nov,1116.1
Q,"Cafes, restaurants and takeaway food services",A3349411J,2023 Dec,1267
Q,"Cafes, restaurants and takeaway food services",A3349411J,2024 Jan,1101
Q,"Cafes, restaurants and takeaway food services",A3349411J,2024 Feb,982.7
Q,"Clothing, footwear and personal accessory retailing",A3349884J,2023 Jan,518.2
Q,"Clothing, footwear and personal accessory retailing",A3349884J,2023 Feb,412.5
Q,"Clothing, footwear and personal accessory retailing",A3349884J,2023 Mar,461.8
Q,"Clothing, footwear and personal accessory retailing",A3349884J,2023 Apr,480.9
Q,"Clothing, footwear and personal accessory retailing",A3349884J,2023 May,522.2
Q,"Clothing, footwear and personal accessory retailing",A3349884J,2023 Jun,509
Q,"Clothing, footwear and personal accessory retailing",A3349884J,2023 Jul,512.5
Q,"Clothing, footwear and personal accessory retailing",A3349884J,2023 Aug,503.8
Q,"Clothing, footwear and personal accessory retailing",A3349884J,2023 Sep,515.7
Q,"Clothing, footwear and personal accessory retailing",A3349884J,2023 Oct,516.1
Q,"Clothing, footwear and personal accessory retailing",A3349884J,2023 Nov,632.9
Q,"Clothing, footwear and personal accessory retailing",A3349884J,2023 Dec,809.7
Q,"Clothing, footwear and personal accessory retailing",A3349884J,2024 Jan,510.5
Q,"Clothing, footwear and personal accessory retailing",A3349884J,2024 Feb,428.7
Q,Department stores,A3349562T,2023 Jan,358.2
Q,Department stores,A3349562T,2023 Feb,293.5
Q,Department stores,A3349562T,2023 Mar,350.8
Q,Department stores,A3349562T,2023 Apr,367.7
Q,Department stores,A3349562T,2023 May,389.9
Q,Department stores,A3349562T,2023 Jun,377.2
Q,Department stores,A3349562T,2023 Jul,386.7
Q,Department stores,A3349562T,2023 Aug,359.5
Q,Department stores,A3349562T,2023 Sep,389.5
Q,Department stores,A3349562T,2023 Oct,397.8
Q,Department stores,A3349562T,2023 Nov,506
Q,Department stores,A3349562T,2023 Dec,680.4
Q,Department stores,A3349562T,2024 Jan,359.1
Q,Department stores,A3349562T,2024 Feb,309.3
Q,Food retailing,A3349721R,2023 Jan,2985.7
Q,Food retailing,A3349721R,2023 Feb,2731.8
Q,Food retailing,A3349721R,2023 Mar,3023.9
Q,Food retailing,A3349721R,2023 Apr,2973.7
Q,Food retailing,A3349721R,2023 May,2933
Q,Food retailing,A3349721R,2023 Jun,2869.2
Q,Food retailing,A3349721R,2023 Jul,3033.2
Q,Food retailing,A3349721R,2023 Aug,3017.2
Q,Food retailing,A3349721R,2023 Sep,2976.4
Q,Food retailing,A3349721R,2023 Oct,3066.1
Q,Food retailing,A3349721R,2023 Nov,3029
Q,Food retailing,A3349721R,2023 Dec,3535.9
Q,Food retailing,A3349721R,2024 Jan,3066.1
Q,Food retailing,A3349721R,2024 Feb,2876.2
Q,Household goods retailing,A3349797K,2023 Jan,1119.9
Q,Household goods retailing,A3349797K,2023 Feb,991.9
Q,Household goods retailing,A3349797K,2023 Mar,1074.3
Q,Household goods retailing,A3349797K,2023 Apr,1002.5
Q,Household goods retailing,A3349797K,2023 May,1069.7
Q,Household goods retailing,A3349797K,2023 Jun,1140.5
Q,Household goods retailing,A3349797K,2023 Jul,1078.8
Q,Household goods retailing,A3349797K,2023 Aug,1095.5
Q,Household goods retailing,A3349797K,2023 Sep,1147.1
Q,Household goods retailing,A3349797K,2023 Oct,1165.1
Q,Household goods retailing,A3349797K,2023 Nov,1340.7
Q,Household goods retailing,A3349797K,2023 Dec,1382.1
Q,Household goods retailing,A3349797K,2024 Jan,1135.8
Q,Household goods retailing,A3349797K,2024 Feb,1043.2
Q,Other retailing,A3349410F,2023 Jan,1030.2
Q,Other retailing,A3349410F,2023 Feb,937.8
Q,Other retailing,A3349410F,2023 Mar,1007.3
Q,Other retailing,A3349410F,2023 Apr,931.5
Q,Other retailing,A3349410F,2023 May,1015
Q,Other retailing,A3349410F,2023 Jun,999.4
Q,Other retailing,A3349410F,2023 Jul,1006.9
Q,Other retailing,A3349410F,2023 Aug,1042.7
Q,Other retailing,A3349410F,2023 Sep,1026.4
Q,Other retailing,A3349410F,2023 Oct,1077.6
Q,Other retailing,A3349410F,2023 Nov,1215.5
Q,Other retailing,A3349410F,2023 Dec,1365.7
Q,Other retailing,A3349410F,2024 Jan,1054.7
Q,Other retailing,A3349410F,2024 Feb,990.6
SA,"Cafes, restaurants and takeaway food services",A3349816F,2023 Jan,242.2
SA,"Cafes, restaurants and takeaway food services",A3349816F,2023 Feb,229.8
SA,"Cafes, restaurants and takeaway food services",A3349816F,2023 Mar,271.5
SA,"Cafes, restaurants and takeaway food services",A3349816F,2023 Apr,274.9
SA,"Cafes, restaurants and takeaway food services",A3349816F,2023 May,273.3
SA,"Cafes, restaurants and takeaway food services",A3349816F,2023 Jun,270.1
SA,"Cafes, restaurants and takeaway food services",A3349816F,2023 Jul,269.1
SA,"Cafes, restaurants and takeaway food services",A3349816F,2023 Aug,277.3
SA,"Cafes, restaurants and takeaway food services",A3349816F,2023 Sep,270.2
SA,"Cafes, restaurants and takeaway food services",A3349816F,2023 Oct,273.6
SA,"Cafes, restaurants and takeaway food services",A3349816F,2023 Nov,267.1
SA,"Cafes, restaurants and takeaway food services",A3349816F,2023 Dec,278
SA,"Cafes, restaurants and takeaway food services",A3349816F,2024 Jan,252.2
SA,"Cafes, restaurants and takeaway food services",A3349816F,2024 Feb,252.5
SA,"Clothing, footwear and personal accessory retailing",A3349905J,2023 Jan,151.7
SA,"Clothing, footwear and personal accessory retailing",A3349905J,2023 Feb,125.1
SA,"Clothing, footwear and personal accessory retailing",A3349905J,2023 Mar,154.1
SA,"Clothing, footwear and personal accessory retailing",A3349905J,2023 Apr,155.3
SA,"Clothing, footwear and personal accessory retailing",A3349905J,2023 May,166.7
SA,"Clothing, footwear and personal accessory retailing",A3349905J,2023 Jun,149.9
SA,"Clothing, footwear and personal accessory retailing",A3349905J,2023 Jul,151.5
SA,"Clothing, footwear and personal accessory retailing",A3349905J,2023 Aug,142.7
SA,"Clothing, footwear and personal accessory retailing",A3349905J,2023 Sep,151.1
SA,"Clothing, footwear and personal accessory retailing",A3349905J,2023 Oct,158.5
SA,"Clothing, footwear and personal accessory retailing",A3349905J,2023 Nov,180.5
SA,"Clothing, footwear and personal accessory retailing",A3349905J,2023 Dec,239.9
SA,"Clothing, footwear and personal accessory retailing",A3349905J,2024 Jan,151.9
SA,"Clothing, footwear and personal accessory retailing",A3349905J,2024 Feb,128.9
SA,Department stores,A3349658K,2023 Jan,119
SA,Department stores,A3349658K,2023 Feb,95.3
SA,Department stores,A3349658K,2023 Mar,121.3
SA,Department stores,A3349658K,2023 Apr,128.6
SA,Department stores,A3349658K,2023 May,132
SA,Department stores,A3349658K,2023 Jun,125.3
SA,Department stores,A3349658K,2023 Jul,127.2
SA,Department stores,A3349658K,2023 Aug,115.1
SA,Department stores,A3349658K,2023 Sep,124
SA,Department stores,A3349658K,2023 Oct,130.9
SA,Department stores,A3349658K,2023 Nov,170.1
SA,Department stores,A3349658K,2023 Dec,224.4
SA,Department stores,A3349658K,2024 Jan,120.2
SA,Department stores,A3349658K,2024 Feb,102.7
SA,Food retailing,A3349432V,2023 Jan,981.8
SA,Food retailing,A3349432V,2023 Feb,907.5
SA,Food retailing,A3349432V,2023 Mar,995.6
SA,Food retailing,A3349432V,2023 Apr,969.8
SA,Food retailing,A3349432V,2023 May,957.6
SA,Food retailing,A3349432V,2023 Jun,928.1
SA,Food retailing,A3349432V,2023 Jul,954.7
SA,Food retailing,A3349432V,2023 Aug,965.1
SA,Food retailing,A3349432V,2023 Sep,979.9
SA,Food retailing,A3349432V,2023 Oct,994.1
SA,Food retailing,A3349432V,2023 Nov,1006.8
SA,Food retailing,A3349432V,2023 Dec,1159.3
SA,Food retailing,A3349432V,2024 Jan,998.2
SA,Food retailing,A3349432V,2024 Feb,953
SA,Household goods retailing,A3349503T,2023 Jan,366.1
SA,Household goods retailing,A3349503T,2023 Feb,327.3
SA,Household goods retailing,A3349503T,2023 Mar,348.4
SA,Household goods retailing,A3349503T,2023 Apr,328.3
SA,Household goods retailing,A3349503T,2023 May,359.9
SA,Household goods retailing,A3349503T,2023 Jun,388.9
SA,Household goods retailing,A3349503T,2023 Jul,358.4
SA,Household goods retailing,A3349503T,2023 Aug,363.5
SA,Household goods retailing,A3349503T,2023 Sep,375.6
SA,Household goods retailing,A3349503T,2023 Oct,395.7
SA,Household goods retailing,A3349503T,2023 Nov,445
SA,Household goods retailing,A3349503T,2023 Dec,447.2
SA,Household goods retailing,A3349503T,2024 Jan,364
SA,Household goods retailing,A3349503T,2024 Feb,341.4
SA,Other retailing,A3349433W,2023 Jan,341.9
SA,Other retailing,A3349433W,2023 Feb,317.2
SA,Other retailing,A3349433W,2023 Mar,356.3
SA,Other retailing,A3349433W,2023 Apr,329.9
SA,Other retailing,A3349433W,2023 May,368.7
SA,Other retailing,A3349433W,2023 Jun,348.6
SA,Other retailing,A3349433W,2023 Jul,353.9
SA,Other retailing,A3349433W,2023 Aug,360.6
SA,Other retailing,A3349433W,2023 Sep,353
SA,Other retailing,A3349433W,2023 Oct,369
SA,Other retailing,A3349433W,2023 Nov,420.6
SA,Other retailing,A3349433W,2023 Dec,484.6
SA,Other retailing,A3349433W,2024 Jan,367.4
SA,Other retailing,A3349433W,2024 Feb,349.5
T,"Cafes, restaurants and takeaway food services",A3349520V,2023 Jan,98.6
T,"Cafes, restaurants and takeaway food services",A3349520V,2023 Feb,89.8
T,"Cafes, restaurants and takeaway food services",A3349520V,2023 Mar,95.7
T,"Cafes, restaurants and takeaway food services",A3349520V,2023 Apr,88.4
T,"Cafes, restaurants and takeaway food services",A3349520V,2023 May,90.8
T,"Cafes, restaurants and takeaway food services",A3349520V,2023 Jun,94.7
T,"Cafes, restaurants and takeaway food services",A3349520V,2023 Jul,93.7
T,"Cafes, restaurants and takeaway food services",A3349520V,2023 Aug,90.6
T,"Cafes, restaurants and takeaway food services",A3349520V,2023 Sep,93
T,"Cafes, restaurants and takeaway food services",A3349520V,2023 Oct,94.5
T,"Cafes, restaurants and takeaway food services",A3349520V,2023 Nov,95.7
T,"Cafes, restaurants and takeaway food services",A3349520V,2023 Dec,107.4
T,"Cafes, restaurants and takeaway food services",A3349520V,2024 Jan,98
T,"Cafes, restaurants and takeaway food services",A3349520V,2024 Feb,91.8
T,Food retailing,A3349764R,2023 Jan,342.2
T,Food retailing,A3349764R,2023 Feb,312.4
T,Food retailing,A3349764R,2023 Mar,338.2
T,Food retailing,A3349764R,2023 Apr,323.4
T,Food retailing,A3349764R,2023 May,315.2
T,Food retailing,A3349764R,2023 Jun,303
T,Food retailing,A3349764R,2023 Jul,311.2
T,Food retailing,A3349764R,2023 Aug,310.8
T,Food retailing,A3349764R,2023 Sep,317.4
T,Food retailing,A3349764R,2023 Oct,327
T,Food retailing,A3349764R,2023 Nov,335.8
T,Food retailing,A3349764R,2023 Dec,396.4
T,Food retailing,A3349764R,2024 Jan,348.1
T,Food retailing,A3349764R,2024 Feb,326.9
T,Household goods retailing,A3349765T,2023 Jan,111.4
T,Household goods retailing,A3349765T,2023 Feb,102.6
T,Household goods retailing,A3349765T,2023 Mar,111.7
T,Household goods retailing,A3349765T,2023 Apr,101.6
T,Household goods retailing,A3349765T,2023 May,110.2
T,Household goods retailing,A3349765T,2023 Jun,117.5
T,Household goods retailing,A3349765T,2023 Jul,109.4
T,Household goods retailing,A3349765T,2023 Aug,112.2
T,Household goods retailing,A3349765T,2023 Sep,112.5
T,Household goods retailing,A3349765T,2023 Oct,119.3
T,Household goods retailing,A3349765T,2023 Nov,134.5
T,Household goods retailing,A3349765T,2023 Dec,138
T,Household goods retailing,A3349765T,2024 Jan,116.3
T,Household goods retailing,A3349765T,2024 Feb,107.7
T,Other retailing,A3349521W,2023 Jan,91.6
T,Other retailing,A3349521W,2023 Feb,82.8
T,Other retailing,A3349521W,2023 Mar,92.1
T,Other retailing,A3349521W,2023 Apr,82.6
T,Other retailing,A3349521W,2023 May,89.1
T,Other retailing,A3349521W,2023 Jun,86
T,Other retailing,A3349521W,2023 Jul,89.8
T,Other retailing,A3349521W,2023 Aug,89.7
T,Other retailing,A3349521W,2023 Sep,92.9
T,Other retailing,A3349521W,2023 Oct,98.7
T,Other retailing,A3349521W,2023 Nov,109.3
T,Other retailing,A3349521W,2023 Dec,135.4
T,Other retailing,A3349521W,2024 Jan,100.1
T,Other retailing,A3349521W,2024 Feb,94.3
V,"Cafes, restaurants and takeaway food services",A3349417W,2023 Jan,1258.5
V,"Cafes, restaurants and takeaway food services",A3349417W,2023 Feb,1180.1
V,"Cafes, restaurants and takeaway food services",A3349417W,2023 Mar,1392
V,"Cafes, restaurants and takeaway food services",A3349417W,2023 Apr,1355.2
V,"Cafes, restaurants and takeaway food services",A3349417W,2023 May,1362.4
V,"Cafes, restaurants and takeaway food services",A3349417W,2023 Jun,1309.7
V,"Cafes, restaurants and takeaway food services",A3349417W,2023 Jul,1348.4
V,"Cafes, restaurants and takeaway food services",A3349417W,2023 Aug,1397.4
V,"Cafes, restaurants and takeaway food services",A3349417W,2023 Sep,1387.9
V,"Cafes, restaurants and takeaway food services",A3349417W,2023 Oct,1409.8
V,"Cafes, restaurants and takeaway food services",A3349417W,2023 Nov,1402.9
V,"Cafes, restaurants and takeaway food services",A3349417W,2023 Dec,1508.8
V,"Cafes, restaurants and takeaway food services",A3349417W,2024 Jan,1358.3
V,"Cafes, restaurants and takeaway food services",A3349417W,2024 Feb,1294.8
V,"Clothing, footwear and personal accessory retailing",A3349727C,2023 Jan,764.1
V,"Clothing, footwear and personal accessory retailing",A3349727C,2023 Feb,649.9
V,"Clothing, footwear and personal accessory retailing",A3349727C,2023 Mar,765.5
V,"Clothing, footwear and personal accessory retailing",A3349727C,2023 Apr,799.6
V,"Clothing, footwear and personal accessory retailing",A3349727C,2023 May,820.8
V,"Clothing, footwear and personal accessory retailing",A3349727C,2023 Jun,790.8
V,"Clothing, footwear and personal accessory retailing",A3349727C,2023 Jul,721.7
V,"Clothing, footwear and personal accessory retailing",A3349727C,2023 Aug,727.3
V,"Clothing, footwear and personal accessory retailing",A3349727C,2023 Sep,737.8
V,"Clothing, footwear and personal accessory retailing",A3349727C,2023 Oct,744.8
V,"Clothing, footwear and personal accessory retailing",A3349727C,2023 Nov,941.3
V,"Clothing, footwear and personal accessory retailing",A3349727C,2023 Dec,1240.9
V,"Clothing, footwear and personal accessory retailing",A3349727C,2024 Jan,755.5
V,"Clothing, footwear and personal accessory retailing",A3349727C,2024 Feb,723
V,Department stores,A3349641R,2023 Jan,407.3
V,Department stores,A3349641R,2023 Feb,324.6
V,Department stores,A3349641R,2023 Mar,411.9
V,Department stores,A3349641R,2023 Apr,451.2
V,Department stores,A3349641R,2023 May,440.4
V,Department stores,A3349641R,2023 Jun,428.8
V,Department stores,A3349641R,2023 Jul,413.1
V,Department stores,A3349641R,2023 Aug,388.7
V,Department stores,A3349641R,2023 Sep,422.2
V,Department stores,A3349641R,2023 Oct,432.5
V,Department stores,A3349641R,2023 Nov,568.8
V,Department stores,A3349641R,2023 Dec,767.8
V,Department stores,A3349641R,2024 Jan,407.3
V,Department stores,A3349641R,2024 Feb,352.3
V,Food retailing,A3349642T,2023 Jan,3466.7
V,Food retailing,A3349642T,2023 Feb,3189.7
V,Food retailing,A3349642T,2023 Mar,3521.4
V,Food retailing,A3349642T,2023 Apr,3408
V,Food retailing,A3349642T,2023 May,3386.6
V,Food retailing,A3349642T,2023 Jun,3236.1
V,Food retailing,A3349642T,2023 Jul,3371.4
V,Food retailing,A3349642T,2023 Aug,3371
V,Food retailing,A3349642T,2023 Sep,3378.7
V,Food retailing,A3349642T,2023 Oct,3493.8
V,Food retailing,A3349642T,2023 Nov,3532
V,Food retailing,A3349642T,2023 Dec,4115.9
V,Food retailing,A3349642T,2024 Jan,3481.3
V,Food retailing,A3349642T,2024 Feb,3357.1
V,Household goods retailing,A3349643V,2023 Jan,1552.7
V,Household goods retailing,A3349643V,2023 Feb,1395.3
V,Household goods retailing,A3349643V,2023 Mar,1481.5
V,Household goods retailing,A3349643V,2023 Apr,1380.5
V,Household goods retailing,A3349643V,2023 May,1469.9
V,Household goods retailing,A3349643V,2023 Jun,1578.9
V,Household goods retailing,A3349643V,2023 Jul,1457.7
V,Household goods retailing,A3349643V,2023 Aug,1466.9
V,Household goods retailing,A3349643V,2023 Sep,1529.2
V,Household goods retailing,A3349643V,2023 Oct,1594.5
V,Household goods retailing,A3349643V,2023 Nov,1861.6
V,Household goods retailing,A3349643V,2023 Dec,1935.1
V,Household goods retailing,A3349643V,2024 Jan,1483.7
V,Household goods retailing,A3349643V,2024 Feb,1384.1
V,Other retailing,A3349350R,2023 Jan,1399.6
V,Other retailing,A3349350R,2023 Feb,1296.1
V,Other retailing,A3349350R,2023 Mar,1431.9
V,Other retailing,A3349350R,2023 Apr,1328.5
V,Other retailing,A3349350R,2023 May,1483.6
V,Other retailing,A3349350R,2023 Jun,1431.9
V,Other retailing,A3349350R,2023 Jul,1416
V,Other retailing,A3349350R,2023 Aug,1465.6
V,Other retailing,A3349350R,2023 Sep,1451.9
V,Other retailing,A3349350R,2023 Oct,1481.4
V,Other retailing,A3349350R,2023 Nov,1675
V,Other retailing,A3349350R,2023 Dec,1966.3
V,Other retailing,A3349350R,2024 Jan,1433.5
V,Other retailing,A3349350R,2024 Feb,1375.3
WA,"Cafes, restaurants and takeaway food services",A3349365F,2023 Jan,679.8
WA,"Cafes, restaurants and takeaway food services",A3349365F,2023 Feb,636.5
WA,"Cafes, restaurants and takeaway food services",A3349365F,2023 Mar,700
WA,"Cafes, restaurants and takeaway food services",A3349365F,2023 Apr,676.9
WA,"Cafes, restaurants and takeaway food services",A3349365F,2023 May,691.7
WA,"Cafes, restaurants and takeaway food services",A3349365F,2023 Jun,687.2
WA,"Cafes, restaurants and takeaway food services",A3349365F,2023 Jul,723.3
WA,"Cafes, restaurants and takeaway food services",A3349365F,2023 Aug,715.7
WA,"Cafes, restaurants and takeaway food services",A3349365F,2023 Sep,715.4
WA,"Cafes, restaurants and takeaway food services",A3349365F,2023 Oct,733.5
WA,"Cafes, restaurants and takeaway food services",A3349365F,2023 Nov,726
WA,"Cafes, restaurants and takeaway food services",A3349365F,2023 Dec,756.3
WA,"Cafes, restaurants and takeaway food services",A3349365F,2024 Jan,696.9
WA,"Cafes, restaurants and takeaway food services",A3349365F,2024 Feb,659.4
WA,"Clothing, footwear and personal accessory retailing",A3349825J,2023 Jan,212.3
WA,"Clothing, footwear and personal accessory retailing",A3349825J,2023 Feb,179.7
WA,"Clothing, footwear and personal accessory retailing",A3349825J,2023 Mar,204.6
WA,"Clothing, footwear and personal accessory retailing",A3349825J,2023 Apr,216.9
WA,"Clothing, footwear and personal accessory retailing",A3349825J,2023 May,226.5
WA,"Clothing, footwear and personal accessory retailing",A3349825J,2023 Jun,228.4
WA,"Clothing, footwear and personal accessory retailing",A3349825J,2023 Jul,218
WA,"Clothing, footwear and personal accessory retailing",A3349825J,2023 Aug,212.5
WA,"Clothing, footwear and personal accessory retailing",A3349825J,2023 Sep,218.4
WA,"Clothing, footwear and personal accessory retailing",A3349825J,2023 Oct,235.4
WA,"Clothing, footwear and personal accessory retailing",A3349825J,2023 Nov,275.9
WA,"Clothing, footwear and personal accessory retailing",A3349825J,2023 Dec,365.5
WA,"Clothing, footwear and personal accessory retailing",A3349825J,2024 Jan,214.4
WA,"Clothing, footwear and personal accessory retailing",A3349825J,2024 Feb,191.1
WA,Department stores,A3349434X,2023 Jan,192.9
WA,Department stores,A3349434X,2023 Feb,159.4
WA,Department stores,A3349434X,2023 Mar,194.7
WA,Department stores,A3349434X,2023 Apr,212.7
WA,Department stores,A3349434X,2023 May,204.5
WA,Department stores,A3349434X,2023 Jun,212.5
WA,Department stores,A3349434X,2023 Jul,206.2
WA,Department stores,A3349434X,2023 Aug,190.7
WA,Department stores,A3349434X,2023 Sep,203.7
WA,Department stores,A3349434X,2023 Oct,221.4
WA,Department stores,A3349434X,2023 Nov,276.7
WA,Department stores,A3349434X,2023 Dec,370.3
WA,Department stores,A3349434X,2024 Jan,191.5
WA,Department stores,A3349434X,2024 Feb,168.3
WA,Food retailing,A3349742A,2023 Jan,1538.5
WA,Food retailing,A3349742A,2023 Feb,1420.3
WA,Food retailing,A3349742A,2023 Mar,1573.9
WA,Food retailing,A3349742A,2023 Apr,1529.8
WA,Food retailing,A3349742A,2023 May,1532.3
WA,Food retailing,A3349742A,2023 Jun,1476.3
WA,Food retailing,A3349742A,2023 Jul,1537.7
WA,Food retailing,A3349742A,2023 Aug,1541.1
WA,Food retailing,A3349742A,2023 Sep,1548.8
WA,Food retailing,A3349742A,2023 Oct,1603.8
WA,Food retailing,A3349742A,2023 Nov,1611
WA,Food retailing,A3349742A,2023 Dec,1855.7
WA,Food retailing,A3349742A,2024 Jan,1577.9
WA,Food retailing,A3349742A,2024 Feb,1518.5
WA,Household goods retailing,A3349824F,2023 Jan,613.4
WA,Household goods retailing,A3349824F,2023 Feb,555.9
WA,Household goods retailing,A3349824F,2023 Mar,599.8
WA,Household goods retailing,A3349824F,2023 Apr,557.2
WA,Household goods retailing,A3349824F,2023 May,589.9
WA,Household goods retailing,A3349824F,2023 Jun,619.8
WA,Household goods retailing,A3349824F,2023 Jul,586
WA,Household goods retailing,A3349824F,2023 Aug,612.6
WA,Household goods retailing,A3349824F,2023 Sep,625.8
WA,Household goods retailing,A3349824F,2023 Oct,671.5
WA,Household goods retailing,A3349824F,2023 Nov,771.3
WA,Household goods retailing,A3349824F,2023 Dec,780.3
WA,Household goods retailing,A3349824F,2024 Jan,614.4
WA,Household goods retailing,A3349824F,2024 Feb,568.5
WA,Other retailing,A3349743C,2023 Jan,564
WA,Other retailing,A3349743C,2023 Feb,526.3
WA,Other retailing,A3349743C,2023 Mar,580.2
WA,Other retailing,A3349743C,2023 Apr,558.8
WA,Other retailing,A3349743C,2023 May,609.7
WA,Other retailing,A3349743C,2023 Jun,592.5
WA,Other retailing,A3349743C,2023 Jul,598.1
WA,Other retailing,A3349743C,2023 Aug,621.5
WA,Other retailing,A3349743C,2023 Sep,606.9
WA,Other retailing,A3349743C,2023 Oct,633
WA,Other retailing,A3349743C,2023 Nov,690.7
WA,Other retailing,A3349743C,2023 Dec,772.9
WA,Other retailing,A3349743C,2024 Jan,589.6
WA,Other retailing,A3349743C,2024 Feb,556.3
